{"cameraMode":{"drawMode":0,"name":"Shaded","section":"Shading Mode"},"sceneLighting":true,"audioPlay":false,"sceneViewState":{"showFog":true,"showMaterialUpdate":false,"showSkybox":true,"showFlares":true,"showImageEffects":true,"showParticleSystems":true},"in2DMode":false,"pivot":{"x":7.899055480957031,"y":7.829807281494141,"z":55.086944580078128},"rotation":{"x":-0.09241341799497605,"y":0.32164517045021059,"z":-0.03156040236353874,"w":-0.9418140053749085},"size":424.107177734375,"orthographic":false}